epoch,step,train_loss
0,49,-3.7396039962768555
1,99,-3.6507036685943604
2,149,-3.9062469005584717
