epoch,step,train_loss
0,49,-3.703488826751709
1,99,-3.7381088733673096
2,149,-3.873708486557007
