epoch,step,train_loss
0,49,-3.6507391929626465
1,99,-3.7368814945220947
2,149,-3.795275926589966
